,Sales,Discount,Order_Quantity,Profit,Shipping_Cost,Product_Base_Margin,new_feature
count,8399.0,8399.0,8399.0,8399.0,8399.0,8336.0,8399.0
mean,1775.8781788308156,0.049671389451123774,25.571734730325037,181.18442433622974,12.83855697106826,0.5125131957773527,13.347225860221492
std,3585.050524902428,0.03182301960328807,14.481071112161725,1196.6533714017464,17.264051967721482,0.13558894111845773,17.31112239930758
min,2.24,0.0,1.0,-14140.7,0.49,0.35,0.85
25%,143.195,0.02,13.0,-83.315,3.3,0.38,3.74
50%,449.42,0.05,26.0,-1.5,6.07,0.52,6.569999999999999
75%,1709.3200000000002,0.08,38.0,162.75,13.99,0.59,14.364999999999998
max,89061.05,0.25,50.0,27220.69,164.73,0.85,165.29
